id,first_name,last_name,email,gender
1,First1,Last1,user1@example.com,Male
2,First2,Last2,user2@example.com,Female
3,First3,Last3,user3@example.com,Male
4,First4,Last4,user4@example.com,Female
5,First5,Last5,user5@example.com,Male
6,First6,Last6,user6@example.com,Female
7,First7,Last7,user7@example.com,Male
8,First8,Last8,user8@example.com,Female
9,First9,Last9,user9@example.com,Male
10,First10,Last10,user10@example.com,Female
11,First11,Last11,user11@example.com,Male
12,First12,Last12,user12@example.com,Female
13,First13,Last13,user13@example.com,Male
14,First14,Last14,user14@example.com,Female
15,First15,Last15,user15@example.com,Male
16,First16,Last16,user16@example.com,Female
17,First17,Last17,user17@example.com,Male
18,First18,Last18,user18@example.com,Female
19,First19,Last19,user19@example.com,Male
20,First20,Last20,user20@example.com,Female
21,First21,Last21,user21@example.com,Male
22,First22,Last22,user22@example.com,Female
23,First23,Last23,user23@example.com,Male
24,First24,Last24,user24@example.com,Female
25,First25,Last25,user25@example.com,Male
26,First26,Last26,user26@example.com,Female
27,First27,Last27,user27@example.com,Male
28,First28,Last28,user28@example.com,Female
29,First29,Last29,user29@example.com,Male
30,First30,Last30,user30@example.com,Female
31,First31,Last31,user31@example.com,Male
32,First32,Last32,user32@example.com,Female
33,First33,Last33,user33@example.com,Male
34,First34,Last34,user34@example.com,Female
35,First35,Last35,user35@example.com,Male
36,First36,Last36,user36@example.com,Female
37,First37,Last37,user37@example.com,Male
38,First38,Last38,user38@example.com,Female
39,First39,Last39,user39@example.com,Male
40,First40,Last40,user40@example.com,Female
41,First41,Last41,user41@example.com,Male
42,First42,Last42,user42@example.com,Female
43,First43,Last43,user43@example.com,Male
44,First44,Last44,user44@example.com,Female
45,First45,Last45,user45@example.com,Male
46,First46,Last46,user46@example.com,Female
47,First47,Last47,user47@example.com,Male
48,First48,Last48,user48@example.com,Female
49,First49,Last49,user49@example.com,Male
50,First50,Last50,user50@example.com,Female
51,First51,Last51,user51@example.com,Male
52,First52,Last52,user52@example.com,Female
53,First53,Last53,user53@example.com,Male
54,First54,Last54,user54@example.com,Female
55,First55,Last55,user55@example.com,Male
56,First56,Last56,user56@example.com,Female
57,First57,Last57,user57@example.com,Male
58,First58,Last58,user58@example.com,Female
59,First59,Last59,user59@example.com,Male
60,First60,Last60,user60@example.com,Female
61,First61,Last61,user61@example.com,Male
62,First62,Last62,user62@example.com,Female
63,First63,Last63,user63@example.com,Male
64,First64,Last64,user64@example.com,Female
65,First65,Last65,user65@example.com,Male
66,First66,Last66,user66@example.com,Female
67,First67,Last67,user67@example.com,Male
68,First68,Last68,user68@example.com,Female
69,First69,Last69,user69@example.com,Male
70,First70,Last70,user70@example.com,Female
71,First71,Last71,user71@example.com,Male
72,First72,Last72,user72@example.com,Female
73,First73,Last73,user73@example.com,Male
74,First74,Last74,user74@example.com,Female
75,First75,Last75,user75@example.com,Male
76,First76,Last76,user76@example.com,Female
77,First77,Last77,user77@example.com,Male
78,First78,Last78,user78@example.com,Female
79,First79,Last79,user79@example.com,Male
80,First80,Last80,user80@example.com,Female
81,First81,Last81,user81@example.com,Male
82,First82,Last82,user82@example.com,Female
83,First83,Last83,user83@example.com,Male
84,First84,Last84,user84@example.com,Female
85,First85,Last85,user85@example.com,Male
86,First86,Last86,user86@example.com,Female
87,First87,Last87,user87@example.com,Male
88,First88,Last88,user88@example.com,Female
89,First89,Last89,user89@example.com,Male
90,First90,Last90,user90@example.com,Female
91,First91,Last91,user91@example.com,Male
92,First92,Last92,user92@example.com,Female
93,First93,Last93,user93@example.com,Male
94,First94,Last94,user94@example.com,Female
95,First95,Last95,user95@example.com,Male
96,First96,Last96,user96@example.com,Female
97,First97,Last97,user97@example.com,Male
98,First98,Last98,user98@example.com,Female
99,First99,Last99,user99@example.com,Male
100,First100,Last100,user100@example.com,Female
101,First101,Last101,user101@example.com,Male
102,First102,Last102,user102@example.com,Female
103,First103,Last103,user103@example.com,Male
104,First104,Last104,user104@example.com,Female
105,First105,Last105,user105@example.com,Male
106,First106,Last106,user106@example.com,Female
107,First107,Last107,user107@example.com,Male
108,First108,Last108,user108@example.com,Female
109,First109,Last109,user109@example.com,Male
110,First110,Last110,user110@example.com,Female
111,First111,Last111,user111@example.com,Male
112,First112,Last112,user112@example.com,Female
113,First113,Last113,user113@example.com,Male
114,First114,Last114,user114@example.com,Female
115,First115,Last115,user115@example.com,Male
116,First116,Last116,user116@example.com,Female
117,First117,Last117,user117@example.com,Male
118,First118,Last118,user118@example.com,Female
119,First119,Last119,user119@example.com,Male
120,First120,Last120,user120@example.com,Female
121,First121,Last121,user121@example.com,Male
122,First122,Last122,user122@example.com,Female
123,First123,Last123,user123@example.com,Male
124,First124,Last124,user124@example.com,Female
125,First125,Last125,user125@example.com,Male
126,First126,Last126,user126@example.com,Female
127,First127,Last127,user127@example.com,Male
128,First128,Last128,user128@example.com,Female
129,First129,Last129,user129@example.com,Male
130,First130,Last130,user130@example.com,Female
131,First131,Last131,user131@example.com,Male
132,First132,Last132,user132@example.com,Female
133,First133,Last133,user133@example.com,Male
134,First134,Last134,user134@example.com,Female
135,First135,Last135,user135@example.com,Male
136,First136,Last136,user136@example.com,Female
137,First137,Last137,user137@example.com,Male
138,First138,Last138,user138@example.com,Female
139,First139,Last139,user139@example.com,Male
140,First140,Last140,user140@example.com,Female
141,First141,Last141,user141@example.com,Male
142,First142,Last142,user142@example.com,Female
143,First143,Last143,user143@example.com,Male
144,First144,Last144,user144@example.com,Female
145,First145,Last145,user145@example.com,Male
146,First146,Last146,user146@example.com,Female
147,First147,Last147,user147@example.com,Male
148,First148,Last148,user148@example.com,Female
149,First149,Last149,user149@example.com,Male
150,First150,Last150,user150@example.com,Female
151,First151,Last151,user151@example.com,Male
152,First152,Last152,user152@example.com,Female
153,First153,Last153,user153@example.com,Male
154,First154,Last154,user154@example.com,Female
155,First155,Last155,user155@example.com,Male
156,First156,Last156,user156@example.com,Female
157,First157,Last157,user157@example.com,Male
158,First158,Last158,user158@example.com,Female
159,First159,Last159,user159@example.com,Male
160,First160,Last160,user160@example.com,Female
161,First161,Last161,user161@example.com,Male
162,First162,Last162,user162@example.com,Female
163,First163,Last163,user163@example.com,Male
164,First164,Last164,user164@example.com,Female
165,First165,Last165,user165@example.com,Male
166,First166,Last166,user166@example.com,Female
167,First167,Last167,user167@example.com,Male
168,First168,Last168,user168@example.com,Female
169,First169,Last169,user169@example.com,Male
170,First170,Last170,user170@example.com,Female
171,First171,Last171,user171@example.com,Male
172,First172,Last172,user172@example.com,Female
173,First173,Last173,user173@example.com,Male
174,First174,Last174,user174@example.com,Female
175,First175,Last175,user175@example.com,Male
176,First176,Last176,user176@example.com,Female
177,First177,Last177,user177@example.com,Male
178,First178,Last178,user178@example.com,Female
179,First179,Last179,user179@example.com,Male
180,First180,Last180,user180@example.com,Female
181,First181,Last181,user181@example.com,Male
182,First182,Last182,user182@example.com,Female
183,First183,Last183,user183@example.com,Male
184,First184,Last184,user184@example.com,Female
185,First185,Last185,user185@example.com,Male
186,First186,Last186,user186@example.com,Female
187,First187,Last187,user187@example.com,Male
188,First188,Last188,user188@example.com,Female
189,First189,Last189,user189@example.com,Male
190,First190,Last190,user190@example.com,Female
191,First191,Last191,user191@example.com,Male
192,First192,Last192,user192@example.com,Female
193,First193,Last193,user193@example.com,Male
194,First194,Last194,user194@example.com,Female
195,First195,Last195,user195@example.com,Male
196,First196,Last196,user196@example.com,Female
197,First197,Last197,user197@example.com,Male
198,First198,Last198,user198@example.com,Female
199,First199,Last199,user199@example.com,Male
200,First200,Last200,user200@example.com,Female
201,First201,Last201,user201@example.com,Male
202,First202,Last202,user202@example.com,Female
203,First203,Last203,user203@example.com,Male
204,First204,Last204,user204@example.com,Female
205,First205,Last205,user205@example.com,Male
206,First206,Last206,user206@example.com,Female
207,First207,Last207,user207@example.com,Male
208,First208,Last208,user208@example.com,Female
209,First209,Last209,user209@example.com,Male
210,First210,Last210,user210@example.com,Female
211,First211,Last211,user211@example.com,Male
212,First212,Last212,user212@example.com,Female
213,First213,Last213,user213@example.com,Male
214,First214,Last214,user214@example.com,Female
215,First215,Last215,user215@example.com,Male
216,First216,Last216,user216@example.com,Female
217,First217,Last217,user217@example.com,Male
218,First218,Last218,user218@example.com,Female
219,First219,Last219,user219@example.com,Male
220,First220,Last220,user220@example.com,Female
221,First221,Last221,user221@example.com,Male
222,First222,Last222,user222@example.com,Female
223,First223,Last223,user223@example.com,Male
224,First224,Last224,user224@example.com,Female
225,First225,Last225,user225@example.com,Male
226,First226,Last226,user226@example.com,Female
227,First227,Last227,user227@example.com,Male
228,First228,Last228,user228@example.com,Female
229,First229,Last229,user229@example.com,Male
230,First230,Last230,user230@example.com,Female
231,First231,Last231,user231@example.com,Male
232,First232,Last232,user232@example.com,Female
233,First233,Last233,user233@example.com,Male
234,First234,Last234,user234@example.com,Female
235,First235,Last235,user235@example.com,Male
236,First236,Last236,user236@example.com,Female
237,First237,Last237,user237@example.com,Male
238,First238,Last238,user238@example.com,Female
239,First239,Last239,user239@example.com,Male
240,First240,Last240,user240@example.com,Female
241,First241,Last241,user241@example.com,Male
242,First242,Last242,user242@example.com,Female
243,First243,Last243,user243@example.com,Male
244,First244,Last244,user244@example.com,Female
245,First245,Last245,user245@example.com,Male
246,First246,Last246,user246@example.com,Female
247,First247,Last247,user247@example.com,Male
248,First248,Last248,user248@example.com,Female
249,First249,Last249,user249@example.com,Male
250,First250,Last250,user250@example.com,Female
251,First251,Last251,user251@example.com,Male
252,First252,Last252,user252@example.com,Female
253,First253,Last253,user253@example.com,Male
254,First254,Last254,user254@example.com,Female
255,First255,Last255,user255@example.com,Male
256,First256,Last256,user256@example.com,Female
257,First257,Last257,user257@example.com,Male
258,First258,Last258,user258@example.com,Female
259,First259,Last259,user259@example.com,Male
260,First260,Last260,user260@example.com,Female
261,First261,Last261,user261@example.com,Male
262,First262,Last262,user262@example.com,Female
263,First263,Last263,user263@example.com,Male
264,First264,Last264,user264@example.com,Female
265,First265,Last265,user265@example.com,Male
266,First266,Last266,user266@example.com,Female
267,First267,Last267,user267@example.com,Male
268,First268,Last268,user268@example.com,Female
269,First269,Last269,user269@example.com,Male
270,First270,Last270,user270@example.com,Female
271,First271,Last271,user271@example.com,Male
272,First272,Last272,user272@example.com,Female
273,First273,Last273,user273@example.com,Male
274,First274,Last274,user274@example.com,Female
275,First275,Last275,user275@example.com,Male
276,First276,Last276,user276@example.com,Female
277,First277,Last277,user277@example.com,Male
278,First278,Last278,user278@example.com,Female
279,First279,Last279,user279@example.com,Male
280,First280,Last280,user280@example.com,Female
281,First281,Last281,user281@example.com,Male
282,First282,Last282,user282@example.com,Female
283,First283,Last283,user283@example.com,Male
284,First284,Last284,user284@example.com,Female
285,First285,Last285,user285@example.com,Male
286,First286,Last286,user286@example.com,Female
287,First287,Last287,user287@example.com,Male
288,First288,Last288,user288@example.com,Female
289,First289,Last289,user289@example.com,Male
290,First290,Last290,user290@example.com,Female
291,First291,Last291,user291@example.com,Male
292,First292,Last292,user292@example.com,Female
293,First293,Last293,user293@example.com,Male
294,First294,Last294,user294@example.com,Female
295,First295,Last295,user295@example.com,Male
296,First296,Last296,user296@example.com,Female
297,First297,Last297,user297@example.com,Male
298,First298,Last298,user298@example.com,Female
299,First299,Last299,user299@example.com,Male
300,First300,Last300,user300@example.com,Female
301,First301,Last301,user301@example.com,Male
302,First302,Last302,user302@example.com,Female
303,First303,Last303,user303@example.com,Male
304,First304,Last304,user304@example.com,Female
305,First305,Last305,user305@example.com,Male
306,First306,Last306,user306@example.com,Female
307,First307,Last307,user307@example.com,Male
308,First308,Last308,user308@example.com,Female
309,First309,Last309,user309@example.com,Male
310,First310,Last310,user310@example.com,Female
311,First311,Last311,user311@example.com,Male
312,First312,Last312,user312@example.com,Female
313,First313,Last313,user313@example.com,Male
314,First314,Last314,user314@example.com,Female
315,First315,Last315,user315@example.com,Male
316,First316,Last316,user316@example.com,Female
317,First317,Last317,user317@example.com,Male
318,First318,Last318,user318@example.com,Female
319,First319,Last319,user319@example.com,Male
320,First320,Last320,user320@example.com,Female
321,First321,Last321,user321@example.com,Male
322,First322,Last322,user322@example.com,Female
323,First323,Last323,user323@example.com,Male
324,First324,Last324,user324@example.com,Female
325,First325,Last325,user325@example.com,Male
326,First326,Last326,user326@example.com,Female
327,First327,Last327,user327@example.com,Male
328,First328,Last328,user328@example.com,Female
329,First329,Last329,user329@example.com,Male
330,First330,Last330,user330@example.com,Female
331,First331,Last331,user331@example.com,Male
332,First332,Last332,user332@example.com,Female
333,First333,Last333,user333@example.com,Male
334,First334,Last334,user334@example.com,Female
335,First335,Last335,user335@example.com,Male
336,First336,Last336,user336@example.com,Female
337,First337,Last337,user337@example.com,Male
338,First338,Last338,user338@example.com,Female
339,First339,Last339,user339@example.com,Male
340,First340,Last340,user340@example.com,Female
341,First341,Last341,user341@example.com,Male
342,First342,Last342,user342@example.com,Female
343,First343,Last343,user343@example.com,Male
344,First344,Last344,user344@example.com,Female
345,First345,Last345,user345@example.com,Male
346,First346,Last346,user346@example.com,Female
347,First347,Last347,user347@example.com,Male
348,First348,Last348,user348@example.com,Female
349,First349,Last349,user349@example.com,Male
350,First350,Last350,user350@example.com,Female
351,First351,Last351,user351@example.com,Male
352,First352,Last352,user352@example.com,Female
353,First353,Last353,user353@example.com,Male
354,First354,Last354,user354@example.com,Female
355,First355,Last355,user355@example.com,Male
356,First356,Last356,user356@example.com,Female
357,First357,Last357,user357@example.com,Male
358,First358,Last358,user358@example.com,Female
359,First359,Last359,user359@example.com,Male
360,First360,Last360,user360@example.com,Female
361,First361,Last361,user361@example.com,Male
362,First362,Last362,user362@example.com,Female
363,First363,Last363,user363@example.com,Male
364,First364,Last364,user364@example.com,Female
365,First365,Last365,user365@example.com,Male
366,First366,Last366,user366@example.com,Female
367,First367,Last367,user367@example.com,Male
368,First368,Last368,user368@example.com,Female
369,First369,Last369,user369@example.com,Male
370,First370,Last370,user370@example.com,Female
371,First371,Last371,user371@example.com,Male
372,First372,Last372,user372@example.com,Female
373,First373,Last373,user373@example.com,Male
374,First374,Last374,user374@example.com,Female
375,First375,Last375,user375@example.com,Male
376,First376,Last376,user376@example.com,Female
377,First377,Last377,user377@example.com,Male
378,First378,Last378,user378@example.com,Female
379,First379,Last379,user379@example.com,Male
380,First380,Last380,user380@example.com,Female
381,First381,Last381,user381@example.com,Male
382,First382,Last382,user382@example.com,Female
383,First383,Last383,user383@example.com,Male
384,First384,Last384,user384@example.com,Female
385,First385,Last385,user385@example.com,Male
386,First386,Last386,user386@example.com,Female
387,First387,Last387,user387@example.com,Male
388,First388,Last388,user388@example.com,Female
389,First389,Last389,user389@example.com,Male
390,First390,Last390,user390@example.com,Female
391,First391,Last391,user391@example.com,Male
392,First392,Last392,user392@example.com,Female
393,First393,Last393,user393@example.com,Male
394,First394,Last394,user394@example.com,Female
395,First395,Last395,user395@example.com,Male
396,First396,Last396,user396@example.com,Female
397,First397,Last397,user397@example.com,Male
398,First398,Last398,user398@example.com,Female
399,First399,Last399,user399@example.com,Male
400,First400,Last400,user400@example.com,Female
401,First401,Last401,user401@example.com,Male
402,First402,Last402,user402@example.com,Female
403,First403,Last403,user403@example.com,Male
404,First404,Last404,user404@example.com,Female
405,First405,Last405,user405@example.com,Male
406,First406,Last406,user406@example.com,Female
407,First407,Last407,user407@example.com,Male
408,First408,Last408,user408@example.com,Female
409,First409,Last409,user409@example.com,Male
410,First410,Last410,user410@example.com,Female
411,First411,Last411,user411@example.com,Male
412,First412,Last412,user412@example.com,Female
413,First413,Last413,user413@example.com,Male
414,First414,Last414,user414@example.com,Female
415,First415,Last415,user415@example.com,Male
416,First416,Last416,user416@example.com,Female
417,First417,Last417,user417@example.com,Male
418,First418,Last418,user418@example.com,Female
419,First419,Last419,user419@example.com,Male
420,First420,Last420,user420@example.com,Female
421,First421,Last421,user421@example.com,Male
422,First422,Last422,user422@example.com,Female
423,First423,Last423,user423@example.com,Male
424,First424,Last424,user424@example.com,Female
425,First425,Last425,user425@example.com,Male
426,First426,Last426,user426@example.com,Female
427,First427,Last427,user427@example.com,Male
428,First428,Last428,user428@example.com,Female
429,First429,Last429,user429@example.com,Male
430,First430,Last430,user430@example.com,Female
431,First431,Last431,user431@example.com,Male
432,First432,Last432,user432@example.com,Female
433,First433,Last433,user433@example.com,Male
434,First434,Last434,user434@example.com,Female
435,First435,Last435,user435@example.com,Male
436,First436,Last436,user436@example.com,Female
437,First437,Last437,user437@example.com,Male
438,First438,Last438,user438@example.com,Female
439,First439,Last439,user439@example.com,Male
440,First440,Last440,user440@example.com,Female
441,First441,Last441,user441@example.com,Male
442,First442,Last442,user442@example.com,Female
443,First443,Last443,user443@example.com,Male
444,First444,Last444,user444@example.com,Female
445,First445,Last445,user445@example.com,Male
446,First446,Last446,user446@example.com,Female
447,First447,Last447,user447@example.com,Male
448,First448,Last448,user448@example.com,Female
449,First449,Last449,user449@example.com,Male
450,First450,Last450,user450@example.com,Female
451,First451,Last451,user451@example.com,Male
452,First452,Last452,user452@example.com,Female
453,First453,Last453,user453@example.com,Male
454,First454,Last454,user454@example.com,Female
455,First455,Last455,user455@example.com,Male
456,First456,Last456,user456@example.com,Female
457,First457,Last457,user457@example.com,Male
458,First458,Last458,user458@example.com,Female
459,First459,Last459,user459@example.com,Male
460,First460,Last460,user460@example.com,Female
461,First461,Last461,user461@example.com,Male
462,First462,Last462,user462@example.com,Female
463,First463,Last463,user463@example.com,Male
464,First464,Last464,user464@example.com,Female
465,First465,Last465,user465@example.com,Male
466,First466,Last466,user466@example.com,Female
467,First467,Last467,user467@example.com,Male
468,First468,Last468,user468@example.com,Female
469,First469,Last469,user469@example.com,Male
470,First470,Last470,user470@example.com,Female
471,First471,Last471,user471@example.com,Male
472,First472,Last472,user472@example.com,Female
473,First473,Last473,user473@example.com,Male
474,First474,Last474,user474@example.com,Female
475,First475,Last475,user475@example.com,Male
476,First476,Last476,user476@example.com,Female
477,First477,Last477,user477@example.com,Male
478,First478,Last478,user478@example.com,Female
479,First479,Last479,user479@example.com,Male
480,First480,Last480,user480@example.com,Female
481,First481,Last481,user481@example.com,Male
482,First482,Last482,user482@example.com,Female
483,First483,Last483,user483@example.com,Male
484,First484,Last484,user484@example.com,Female
485,First485,Last485,user485@example.com,Male
486,First486,Last486,user486@example.com,Female
487,First487,Last487,user487@example.com,Male
488,First488,Last488,user488@example.com,Female
489,First489,Last489,user489@example.com,Male
490,First490,Last490,user490@example.com,Female
491,First491,Last491,user491@example.com,Male
492,First492,Last492,user492@example.com,Female
493,First493,Last493,user493@example.com,Male
494,First494,Last494,user494@example.com,Female
495,First495,Last495,user495@example.com,Male
496,First496,Last496,user496@example.com,Female
497,First497,Last497,user497@example.com,Male
498,First498,Last498,user498@example.com,Female
499,First499,Last499,user499@example.com,Male
500,First500,Last500,user500@example.com,Female
501,First501,Last501,user501@example.com,Male
502,First502,Last502,user502@example.com,Female
503,First503,Last503,user503@example.com,Male
504,First504,Last504,user504@example.com,Female
505,First505,Last505,user505@example.com,Male
506,First506,Last506,user506@example.com,Female
507,First507,Last507,user507@example.com,Male
508,First508,Last508,user508@example.com,Female
509,First509,Last509,user509@example.com,Male
510,First510,Last510,user510@example.com,Female
511,First511,Last511,user511@example.com,Male
512,First512,Last512,user512@example.com,Female
513,First513,Last513,user513@example.com,Male
514,First514,Last514,user514@example.com,Female
515,First515,Last515,user515@example.com,Male
516,First516,Last516,user516@example.com,Female
517,First517,Last517,user517@example.com,Male
518,First518,Last518,user518@example.com,Female
519,First519,Last519,user519@example.com,Male
520,First520,Last520,user520@example.com,Female
521,First521,Last521,user521@example.com,Male
522,First522,Last522,user522@example.com,Female
523,First523,Last523,user523@example.com,Male
524,First524,Last524,user524@example.com,Female
525,First525,Last525,user525@example.com,Male
526,First526,Last526,user526@example.com,Female
527,First527,Last527,user527@example.com,Male
528,First528,Last528,user528@example.com,Female
529,First529,Last529,user529@example.com,Male
530,First530,Last530,user530@example.com,Female
531,First531,Last531,user531@example.com,Male
532,First532,Last532,user532@example.com,Female
533,First533,Last533,user533@example.com,Male
534,First534,Last534,user534@example.com,Female
535,First535,Last535,user535@example.com,Male
536,First536,Last536,user536@example.com,Female
537,First537,Last537,user537@example.com,Male
538,First538,Last538,user538@example.com,Female
539,First539,Last539,user539@example.com,Male
540,First540,Last540,user540@example.com,Female
541,First541,Last541,user541@example.com,Male
542,First542,Last542,user542@example.com,Female
543,First543,Last543,user543@example.com,Male
544,First544,Last544,user544@example.com,Female
545,First545,Last545,user545@example.com,Male
546,First546,Last546,user546@example.com,Female
547,First547,Last547,user547@example.com,Male
548,First548,Last548,user548@example.com,Female
549,First549,Last549,user549@example.com,Male
550,First550,Last550,user550@example.com,Female
551,First551,Last551,user551@example.com,Male
552,First552,Last552,user552@example.com,Female
553,First553,Last553,user553@example.com,Male
554,First554,Last554,user554@example.com,Female
555,First555,Last555,user555@example.com,Male
556,First556,Last556,user556@example.com,Female
557,First557,Last557,user557@example.com,Male
558,First558,Last558,user558@example.com,Female
559,First559,Last559,user559@example.com,Male
560,First560,Last560,user560@example.com,Female
561,First561,Last561,user561@example.com,Male
562,First562,Last562,user562@example.com,Female
563,First563,Last563,user563@example.com,Male
564,First564,Last564,user564@example.com,Female
565,First565,Last565,user565@example.com,Male
566,First566,Last566,user566@example.com,Female
567,First567,Last567,user567@example.com,Male
568,First568,Last568,user568@example.com,Female
569,First569,Last569,user569@example.com,Male
570,First570,Last570,user570@example.com,Female
571,First571,Last571,user571@example.com,Male
572,First572,Last572,user572@example.com,Female
573,First573,Last573,user573@example.com,Male
574,First574,Last574,user574@example.com,Female
575,First575,Last575,user575@example.com,Male
576,First576,Last576,user576@example.com,Female
577,First577,Last577,user577@example.com,Male
578,First578,Last578,user578@example.com,Female
579,First579,Last579,user579@example.com,Male
580,First580,Last580,user580@example.com,Female
581,First581,Last581,user581@example.com,Male
582,First582,Last582,user582@example.com,Female
583,First583,Last583,user583@example.com,Male
584,First584,Last584,user584@example.com,Female
585,First585,Last585,user585@example.com,Male
586,First586,Last586,user586@example.com,Female
587,First587,Last587,user587@example.com,Male
588,First588,Last588,user588@example.com,Female
589,First589,Last589,user589@example.com,Male
590,First590,Last590,user590@example.com,Female
591,First591,Last591,user591@example.com,Male
592,First592,Last592,user592@example.com,Female
593,First593,Last593,user593@example.com,Male
594,First594,Last594,user594@example.com,Female
595,First595,Last595,user595@example.com,Male
596,First596,Last596,user596@example.com,Female
597,First597,Last597,user597@example.com,Male
598,First598,Last598,user598@example.com,Female
599,First599,Last599,user599@example.com,Male
600,First600,Last600,user600@example.com,Female
601,First601,Last601,user601@example.com,Male
602,First602,Last602,user602@example.com,Female
603,First603,Last603,user603@example.com,Male
604,First604,Last604,user604@example.com,Female
605,First605,Last605,user605@example.com,Male
606,First606,Last606,user606@example.com,Female
607,First607,Last607,user607@example.com,Male
608,First608,Last608,user608@example.com,Female
609,First609,Last609,user609@example.com,Male
610,First610,Last610,user610@example.com,Female
611,First611,Last611,user611@example.com,Male
612,First612,Last612,user612@example.com,Female
613,First613,Last613,user613@example.com,Male
614,First614,Last614,user614@example.com,Female
615,First615,Last615,user615@example.com,Male
616,First616,Last616,user616@example.com,Female
617,First617,Last617,user617@example.com,Male
618,First618,Last618,user618@example.com,Female
619,First619,Last619,user619@example.com,Male
620,First620,Last620,user620@example.com,Female
621,First621,Last621,user621@example.com,Male
622,First622,Last622,user622@example.com,Female
623,First623,Last623,user623@example.com,Male
624,First624,Last624,user624@example.com,Female
625,First625,Last625,user625@example.com,Male
626,First626,Last626,user626@example.com,Female
627,First627,Last627,user627@example.com,Male
628,First628,Last628,user628@example.com,Female
629,First629,Last629,user629@example.com,Male
630,First630,Last630,user630@example.com,Female
631,First631,Last631,user631@example.com,Male
632,First632,Last632,user632@example.com,Female
633,First633,Last633,user633@example.com,Male
634,First634,Last634,user634@example.com,Female
635,First635,Last635,user635@example.com,Male
636,First636,Last636,user636@example.com,Female
637,First637,Last637,user637@example.com,Male
638,First638,Last638,user638@example.com,Female
639,First639,Last639,user639@example.com,Male
640,First640,Last640,user640@example.com,Female
641,First641,Last641,user641@example.com,Male
642,First642,Last642,user642@example.com,Female
643,First643,Last643,user643@example.com,Male
644,First644,Last644,user644@example.com,Female
645,First645,Last645,user645@example.com,Male
646,First646,Last646,user646@example.com,Female
647,First647,Last647,user647@example.com,Male
648,First648,Last648,user648@example.com,Female
649,First649,Last649,user649@example.com,Male
650,First650,Last650,user650@example.com,Female
651,First651,Last651,user651@example.com,Male
652,First652,Last652,user652@example.com,Female
653,First653,Last653,user653@example.com,Male
654,First654,Last654,user654@example.com,Female
655,First655,Last655,user655@example.com,Male
656,First656,Last656,user656@example.com,Female
657,First657,Last657,user657@example.com,Male
658,First658,Last658,user658@example.com,Female
659,First659,Last659,user659@example.com,Male
660,First660,Last660,user660@example.com,Female
661,First661,Last661,user661@example.com,Male
662,First662,Last662,user662@example.com,Female
663,First663,Last663,user663@example.com,Male
664,First664,Last664,user664@example.com,Female
665,First665,Last665,user665@example.com,Male
666,First666,Last666,user666@example.com,Female
667,First667,Last667,user667@example.com,Male
668,First668,Last668,user668@example.com,Female
669,First669,Last669,user669@example.com,Male
670,First670,Last670,user670@example.com,Female
671,First671,Last671,user671@example.com,Male
672,First672,Last672,user672@example.com,Female
673,First673,Last673,user673@example.com,Male
674,First674,Last674,user674@example.com,Female
675,First675,Last675,user675@example.com,Male
676,First676,Last676,user676@example.com,Female
677,First677,Last677,user677@example.com,Male
678,First678,Last678,user678@example.com,Female
679,First679,Last679,user679@example.com,Male
680,First680,Last680,user680@example.com,Female
681,First681,Last681,user681@example.com,Male
682,First682,Last682,user682@example.com,Female
683,First683,Last683,user683@example.com,Male
684,First684,Last684,user684@example.com,Female
685,First685,Last685,user685@example.com,Male
686,First686,Last686,user686@example.com,Female
687,First687,Last687,user687@example.com,Male
688,First688,Last688,user688@example.com,Female
689,First689,Last689,user689@example.com,Male
690,First690,Last690,user690@example.com,Female
691,First691,Last691,user691@example.com,Male
692,First692,Last692,user692@example.com,Female
693,First693,Last693,user693@example.com,Male
694,First694,Last694,user694@example.com,Female
695,First695,Last695,user695@example.com,Male
696,First696,Last696,user696@example.com,Female
697,First697,Last697,user697@example.com,Male
698,First698,Last698,user698@example.com,Female
699,First699,Last699,user699@example.com,Male
700,First700,Last700,user700@example.com,Female
701,First701,Last701,user701@example.com,Male
702,First702,Last702,user702@example.com,Female
703,First703,Last703,user703@example.com,Male
704,First704,Last704,user704@example.com,Female
705,First705,Last705,user705@example.com,Male
706,First706,Last706,user706@example.com,Female
707,First707,Last707,user707@example.com,Male
708,First708,Last708,user708@example.com,Female
709,First709,Last709,user709@example.com,Male
710,First710,Last710,user710@example.com,Female
711,First711,Last711,user711@example.com,Male
712,First712,Last712,user712@example.com,Female
713,First713,Last713,user713@example.com,Male
714,First714,Last714,user714@example.com,Female
715,First715,Last715,user715@example.com,Male
716,First716,Last716,user716@example.com,Female
717,First717,Last717,user717@example.com,Male
718,First718,Last718,user718@example.com,Female
719,First719,Last719,user719@example.com,Male
720,First720,Last720,user720@example.com,Female
721,First721,Last721,user721@example.com,Male
722,First722,Last722,user722@example.com,Female
723,First723,Last723,user723@example.com,Male
724,First724,Last724,user724@example.com,Female
725,First725,Last725,user725@example.com,Male
726,First726,Last726,user726@example.com,Female
727,First727,Last727,user727@example.com,Male
728,First728,Last728,user728@example.com,Female
729,First729,Last729,user729@example.com,Male
730,First730,Last730,user730@example.com,Female
731,First731,Last731,user731@example.com,Male
732,First732,Last732,user732@example.com,Female
733,First733,Last733,user733@example.com,Male
734,First734,Last734,user734@example.com,Female
735,First735,Last735,user735@example.com,Male
736,First736,Last736,user736@example.com,Female
737,First737,Last737,user737@example.com,Male
738,First738,Last738,user738@example.com,Female
739,First739,Last739,user739@example.com,Male
740,First740,Last740,user740@example.com,Female
741,First741,Last741,user741@example.com,Male
742,First742,Last742,user742@example.com,Female
743,First743,Last743,user743@example.com,Male
744,First744,Last744,user744@example.com,Female
745,First745,Last745,user745@example.com,Male
746,First746,Last746,user746@example.com,Female
747,First747,Last747,user747@example.com,Male
748,First748,Last748,user748@example.com,Female
749,First749,Last749,user749@example.com,Male
750,First750,Last750,user750@example.com,Female
751,First751,Last751,user751@example.com,Male
752,First752,Last752,user752@example.com,Female
753,First753,Last753,user753@example.com,Male
754,First754,Last754,user754@example.com,Female
755,First755,Last755,user755@example.com,Male
756,First756,Last756,user756@example.com,Female
757,First757,Last757,user757@example.com,Male
758,First758,Last758,user758@example.com,Female
759,First759,Last759,user759@example.com,Male
760,First760,Last760,user760@example.com,Female
761,First761,Last761,user761@example.com,Male
762,First762,Last762,user762@example.com,Female
763,First763,Last763,user763@example.com,Male
764,First764,Last764,user764@example.com,Female
765,First765,Last765,user765@example.com,Male
766,First766,Last766,user766@example.com,Female
767,First767,Last767,user767@example.com,Male
768,First768,Last768,user768@example.com,Female
769,First769,Last769,user769@example.com,Male
770,First770,Last770,user770@example.com,Female
771,First771,Last771,user771@example.com,Male
772,First772,Last772,user772@example.com,Female
773,First773,Last773,user773@example.com,Male
774,First774,Last774,user774@example.com,Female
775,First775,Last775,user775@example.com,Male
776,First776,Last776,user776@example.com,Female
777,First777,Last777,user777@example.com,Male
778,First778,Last778,user778@example.com,Female
779,First779,Last779,user779@example.com,Male
780,First780,Last780,user780@example.com,Female
781,First781,Last781,user781@example.com,Male
782,First782,Last782,user782@example.com,Female
783,First783,Last783,user783@example.com,Male
784,First784,Last784,user784@example.com,Female
785,First785,Last785,user785@example.com,Male
786,First786,Last786,user786@example.com,Female
787,First787,Last787,user787@example.com,Male
788,First788,Last788,user788@example.com,Female
789,First789,Last789,user789@example.com,Male
790,First790,Last790,user790@example.com,Female
791,First791,Last791,user791@example.com,Male
792,First792,Last792,user792@example.com,Female
793,First793,Last793,user793@example.com,Male
794,First794,Last794,user794@example.com,Female
795,First795,Last795,user795@example.com,Male
796,First796,Last796,user796@example.com,Female
797,First797,Last797,user797@example.com,Male
798,First798,Last798,user798@example.com,Female
799,First799,Last799,user799@example.com,Male
800,First800,Last800,user800@example.com,Female
801,First801,Last801,user801@example.com,Male
802,First802,Last802,user802@example.com,Female
803,First803,Last803,user803@example.com,Male
804,First804,Last804,user804@example.com,Female
805,First805,Last805,user805@example.com,Male
806,First806,Last806,user806@example.com,Female
807,First807,Last807,user807@example.com,Male
808,First808,Last808,user808@example.com,Female
809,First809,Last809,user809@example.com,Male
810,First810,Last810,user810@example.com,Female
811,First811,Last811,user811@example.com,Male
812,First812,Last812,user812@example.com,Female
813,First813,Last813,user813@example.com,Male
814,First814,Last814,user814@example.com,Female
815,First815,Last815,user815@example.com,Male
816,First816,Last816,user816@example.com,Female
817,First817,Last817,user817@example.com,Male
818,First818,Last818,user818@example.com,Female
819,First819,Last819,user819@example.com,Male
820,First820,Last820,user820@example.com,Female
821,First821,Last821,user821@example.com,Male
822,First822,Last822,user822@example.com,Female
823,First823,Last823,user823@example.com,Male
824,First824,Last824,user824@example.com,Female
825,First825,Last825,user825@example.com,Male
826,First826,Last826,user826@example.com,Female
827,First827,Last827,user827@example.com,Male
828,First828,Last828,user828@example.com,Female
829,First829,Last829,user829@example.com,Male
830,First830,Last830,user830@example.com,Female
831,First831,Last831,user831@example.com,Male
832,First832,Last832,user832@example.com,Female
833,First833,Last833,user833@example.com,Male
834,First834,Last834,user834@example.com,Female
835,First835,Last835,user835@example.com,Male
836,First836,Last836,user836@example.com,Female
837,First837,Last837,user837@example.com,Male
838,First838,Last838,user838@example.com,Female
839,First839,Last839,user839@example.com,Male
840,First840,Last840,user840@example.com,Female
841,First841,Last841,user841@example.com,Male
842,First842,Last842,user842@example.com,Female
843,First843,Last843,user843@example.com,Male
844,First844,Last844,user844@example.com,Female
845,First845,Last845,user845@example.com,Male
846,First846,Last846,user846@example.com,Female
847,First847,Last847,user847@example.com,Male
848,First848,Last848,user848@example.com,Female
849,First849,Last849,user849@example.com,Male
850,First850,Last850,user850@example.com,Female
851,First851,Last851,user851@example.com,Male
852,First852,Last852,user852@example.com,Female
853,First853,Last853,user853@example.com,Male
854,First854,Last854,user854@example.com,Female
855,First855,Last855,user855@example.com,Male
856,First856,Last856,user856@example.com,Female
857,First857,Last857,user857@example.com,Male
858,First858,Last858,user858@example.com,Female
859,First859,Last859,user859@example.com,Male
860,First860,Last860,user860@example.com,Female
861,First861,Last861,user861@example.com,Male
862,First862,Last862,user862@example.com,Female
863,First863,Last863,user863@example.com,Male
864,First864,Last864,user864@example.com,Female
865,First865,Last865,user865@example.com,Male
866,First866,Last866,user866@example.com,Female
867,First867,Last867,user867@example.com,Male
868,First868,Last868,user868@example.com,Female
869,First869,Last869,user869@example.com,Male
870,First870,Last870,user870@example.com,Female
871,First871,Last871,user871@example.com,Male
872,First872,Last872,user872@example.com,Female
873,First873,Last873,user873@example.com,Male
874,First874,Last874,user874@example.com,Female
875,First875,Last875,user875@example.com,Male
876,First876,Last876,user876@example.com,Female
877,First877,Last877,user877@example.com,Male
878,First878,Last878,user878@example.com,Female
879,First879,Last879,user879@example.com,Male
880,First880,Last880,user880@example.com,Female
881,First881,Last881,user881@example.com,Male
882,First882,Last882,user882@example.com,Female
883,First883,Last883,user883@example.com,Male
884,First884,Last884,user884@example.com,Female
885,First885,Last885,user885@example.com,Male
886,First886,Last886,user886@example.com,Female
887,First887,Last887,user887@example.com,Male
888,First888,Last888,user888@example.com,Female
889,First889,Last889,user889@example.com,Male
890,First890,Last890,user890@example.com,Female
891,First891,Last891,user891@example.com,Male
892,First892,Last892,user892@example.com,Female
893,First893,Last893,user893@example.com,Male
894,First894,Last894,user894@example.com,Female
895,First895,Last895,user895@example.com,Male
896,First896,Last896,user896@example.com,Female
897,First897,Last897,user897@example.com,Male
898,First898,Last898,user898@example.com,Female
899,First899,Last899,user899@example.com,Male
900,First900,Last900,user900@example.com,Female
901,First901,Last901,user901@example.com,Male
902,First902,Last902,user902@example.com,Female
903,First903,Last903,user903@example.com,Male
904,First904,Last904,user904@example.com,Female
905,First905,Last905,user905@example.com,Male
906,First906,Last906,user906@example.com,Female
907,First907,Last907,user907@example.com,Male
908,First908,Last908,user908@example.com,Female
909,First909,Last909,user909@example.com,Male
910,First910,Last910,user910@example.com,Female
911,First911,Last911,user911@example.com,Male
912,First912,Last912,user912@example.com,Female
913,First913,Last913,user913@example.com,Male
914,First914,Last914,user914@example.com,Female
915,First915,Last915,user915@example.com,Male
916,First916,Last916,user916@example.com,Female
917,First917,Last917,user917@example.com,Male
918,First918,Last918,user918@example.com,Female
919,First919,Last919,user919@example.com,Male
920,First920,Last920,user920@example.com,Female
921,First921,Last921,user921@example.com,Male
922,First922,Last922,user922@example.com,Female
923,First923,Last923,user923@example.com,Male
924,First924,Last924,user924@example.com,Female
925,First925,Last925,user925@example.com,Male
926,First926,Last926,user926@example.com,Female
927,First927,Last927,user927@example.com,Male
928,First928,Last928,user928@example.com,Female
929,First929,Last929,user929@example.com,Male
930,First930,Last930,user930@example.com,Female
931,First931,Last931,user931@example.com,Male
932,First932,Last932,user932@example.com,Female
933,First933,Last933,user933@example.com,Male
934,First934,Last934,user934@example.com,Female
935,First935,Last935,user935@example.com,Male
936,First936,Last936,user936@example.com,Female
937,First937,Last937,user937@example.com,Male
938,First938,Last938,user938@example.com,Female
939,First939,Last939,user939@example.com,Male
940,First940,Last940,user940@example.com,Female
941,First941,Last941,user941@example.com,Male
942,First942,Last942,user942@example.com,Female
943,First943,Last943,user943@example.com,Male
944,First944,Last944,user944@example.com,Female
945,First945,Last945,user945@example.com,Male
946,First946,Last946,user946@example.com,Female
947,First947,Last947,user947@example.com,Male
948,First948,Last948,user948@example.com,Female
949,First949,Last949,user949@example.com,Male
950,First950,Last950,user950@example.com,Female
951,First951,Last951,user951@example.com,Male
952,First952,Last952,user952@example.com,Female
953,First953,Last953,user953@example.com,Male
954,First954,Last954,user954@example.com,Female
955,First955,Last955,user955@example.com,Male
956,First956,Last956,user956@example.com,Female
957,First957,Last957,user957@example.com,Male
958,First958,Last958,user958@example.com,Female
959,First959,Last959,user959@example.com,Male
960,First960,Last960,user960@example.com,Female
961,First961,Last961,user961@example.com,Male
962,First962,Last962,user962@example.com,Female
963,First963,Last963,user963@example.com,Male
964,First964,Last964,user964@example.com,Female
965,First965,Last965,user965@example.com,Male
966,First966,Last966,user966@example.com,Female
967,First967,Last967,user967@example.com,Male
968,First968,Last968,user968@example.com,Female
969,First969,Last969,user969@example.com,Male
970,First970,Last970,user970@example.com,Female
971,First971,Last971,user971@example.com,Male
972,First972,Last972,user972@example.com,Female
973,First973,Last973,user973@example.com,Male
974,First974,Last974,user974@example.com,Female
975,First975,Last975,user975@example.com,Male
976,First976,Last976,user976@example.com,Female
977,First977,Last977,user977@example.com,Male
978,First978,Last978,user978@example.com,Female
979,First979,Last979,user979@example.com,Male
980,First980,Last980,user980@example.com,Female
981,First981,Last981,user981@example.com,Male
982,First982,Last982,user982@example.com,Female
983,First983,Last983,user983@example.com,Male
984,First984,Last984,user984@example.com,Female
985,First985,Last985,user985@example.com,Male
986,First986,Last986,user986@example.com,Female
987,First987,Last987,user987@example.com,Male
988,First988,Last988,user988@example.com,Female
989,First989,Last989,user989@example.com,Male
990,First990,Last990,user990@example.com,Female
991,First991,Last991,user991@example.com,Male
992,First992,Last992,user992@example.com,Female
993,First993,Last993,user993@example.com,Male
994,First994,Last994,user994@example.com,Female
995,First995,Last995,user995@example.com,Male
996,First996,Last996,user996@example.com,Female
997,First997,Last997,user997@example.com,Male
998,First998,Last998,user998@example.com,Female
999,First999,Last999,user999@example.com,Male
1000,First1000,Last1000,user1000@example.com,Female
1001,First1001,Last1001,user1001@example.com,Male